id;name;description;api;stage;username;secret;private_key_cert;private_key_password;billing_uid;start_billing;currency_code
1;Global visionary;HTTP calculate;LOCAL;Director matrix Personal Loan Account;Toys Comoros indigo;invoice;USB niches Credit Card Account;Ergonomic Mouse;Function-based Team-oriented payment;2021-03-22T15:30:35;WST
2;Shoes;drive Wooden Quality-focused;LOCAL;Steel Refined Product;synergize Movies sensor;focus group e-enable bypass;embrace override multi-byte;Wisconsin Kansas;Maldives benchmark Estates;2021-03-21T23:54:36;MRO
3;Rhode Island;Soap;HOSTBILL;card deposit Sleek Metal Shoes;Money Market Account Faroe Islands;Home Loan Account Optional Bedfordshire;definition withdrawal;Chicken Unbranded Frozen Mouse;feed productize red;2021-03-22T18:55:17;GMD
4;Unbranded Frozen Pants XML;Concrete ubiquitous;HOSTBILL;visionary Associate;Guinea-Bissau sexy Auto Loan Account;encryption;Principal full-range Pants;Haven overriding;Savings Account Dynamic Producer;2021-03-22T19:01:40;BGN
5;open system invoice Executive;calculate;HOSTBILL;Producer;real-time firewall;mobile background;cross-platform Chips;Handmade;grey Plastic;2021-03-22T16:19:28;MXN MXV
6;Plastic Licensed Central;XML quantify;LOCAL;Personal Loan Account;Refined;data-warehouse;Synergistic Angola Money Market Account;GB;vortals;2021-03-22T08:43:35;BGN
7;ADP;HTTP GB Plastic;XERO;Refined;card;Frozen Future Squares;deposit Investor;alarm;copying Berkshire;2021-03-22T04:08:56;MXN MXV
8;Malaysian Ringgit Creative;Quality-focused generate;HOSTBILL;Communications Berkshire Savings Account;action-items green Gorgeous Concrete Mouse;SMS Maine Future-proofed;connecting;Checking Account Keys;Markets e-commerce;2021-03-21T22:21:04;UZS
9;Auto Loan Account Generic;Steel;XERO;Drives Mouse;deposit;Tasty Plastic Gloves;Creative auxiliary incremental;Berkshire model;invoice 1080p Towels;2021-03-22T01:57:00;WST
10;SMTP;Maryland;LOCAL;Sausages engage;Personal Loan Account;bluetooth backing up Wooden;reboot;SCSI empower schemas;quantify Auto Loan Account;2021-03-22T04:25:52;HTG USD
