id;host_id;status;uuid;message;command;executed;executed_status;executed_message;ntu_id;event_type;user;error_message;callback_url
1;Gloves access;mint green;Home Loan Account Infrastructure deposit;mission-critical Nepalese Rupee;../fake-data/blob/hipster.txt;2021-03-22T15:20:15;Awesome;bypassing Unbranded Directives;24415;APPLICATION_DELETE;Harbor;../fake-data/blob/hipster.txt;Mobility Unbranded Representative
2;Borders;core;Program ROI Gorgeous;IB;../fake-data/blob/hipster.txt;2021-03-22T15:29:57;neural Practical Cotton Table;Rustic online Metal;40388;FIREWALL_ACTIVATE;parsing;../fake-data/blob/hipster.txt;Research Hong Kong Dollar Burg
3;Avon lavender;Licensed Steel Keyboard;Borders;Tasty Concrete Towels;../fake-data/blob/hipster.txt;2021-03-22T07:14:25;Steel;Automotive Plastic Zimbabwe Dollar;90417;MANAGED_FIREWALL_CREATE;array US Dollar;../fake-data/blob/hipster.txt;Tasty
4;Supervisor;Producer Implementation;3rd generation;Credit Card Account;../fake-data/blob/hipster.txt;2021-03-22T08:08:35;SMTP Intelligent Frozen Bike dot-com;harness Handcrafted Yemeni Rial;66162;EBGP_FILTERS_UPDATE;bypassing sensor;../fake-data/blob/hipster.txt;neutral
5;Identity Borders Handmade;JSON Savings Account;Universal;Agent Mississippi;../fake-data/blob/hipster.txt;2021-03-22T07:56:05;interface Creative Hat;synthesize Universal;72484;UPDATE_RATE;navigate Tasty holistic;../fake-data/blob/hipster.txt;markets Steel
6;bluetooth;Liaison;Intelligent Rubber Pizza bypassing Music;Somali Shilling;../fake-data/blob/hipster.txt;2021-03-22T20:38:46;Rustic;Illinois Berkshire deposit;61233;DISABLE_SERVICE_FROM_NTU;Poland efficient;../fake-data/blob/hipster.txt;Profound plug-and-play
7;Bedfordshire Credit Card Account Outdoors;pricing structure JBOD task-force;connecting Practical Rubber Car;South Dakota;../fake-data/blob/hipster.txt;2021-03-22T07:52:45;Drive;partnerships Norwegian Krone enterprise;44771;POLICY_CREATE;Forward;../fake-data/blob/hipster.txt;parsing Frozen quantifying
8;hack HTTP Communications;Enterprise-wide Self-enabling;reboot;Applications;../fake-data/blob/hipster.txt;2021-03-22T00:47:45;Maine calculate target;compressing;67760;APPLICATION_CREATE;Avon Agent;../fake-data/blob/hipster.txt;payment Berkshire transmitter
9;Dong algorithm input;Infrastructure 24/365 copy;Senior Checking Account Face to face;Investor;../fake-data/blob/hipster.txt;2021-03-22T20:38:26;fuchsia Platinum Licensed;Investment Account;21486;RULE_SET_CREATE;superstructure turquoise;../fake-data/blob/hipster.txt;Georgia cross-media
10;Automotive;Manager Wisconsin;vertical Senior;Rustic Fresh Chips Haiti;../fake-data/blob/hipster.txt;2021-03-22T19:29:20;Licensed Uruguay Chicken;Belize Dollar;44732;ZONE_DELETE;Indian Rupee Ngultrum;../fake-data/blob/hipster.txt;Tasty Steel Bacon
