id;name;description;uid
1;cyan;deposit disintermediate Berkshire;450570e3-c6da-44e2-9369-643cd3466fdc
2;matrix;alarm;8d08e447-ead4-49d1-89dd-faead355cbc7
3;Berkshire;model Harbor Compatible;4d01685c-c290-4d34-801e-bceb502f48e0
4;demand-driven;Serbian Dinar;4f37ef29-573d-4304-ae6a-00f87545aa29
5;Supervisor Tools;heuristic Incredible Grenada;bd350418-1e20-421c-8469-e00ceaeaeef1
6;proactive relationships;silver;0077c394-8b8c-4902-8d9f-69641912e532
7;Station Gloves cross-platform;Cotton Saudi Riyal Intelligent;e92e73cc-4ba4-40bb-91bb-eb24f9637553
8;Executive connect;attitude Web;589fa06d-a64f-4c52-844e-43afb2da256b
9;enterprise transmit;Investment Account open-source digital;fd14d968-661e-47c9-bf67-f94325e2ff74
10;Yuan Renminbi;Frozen program didactic;ca397773-6210-4889-97b1-044147b23900
