id;code;description;address;uuid
1;Secured productize;schemas;calculate program;Ghana Games magnetic
2;Savings Account cross-platform;virtual;e-enable feed;Wisconsin Frozen Forward
3;connecting;cross-platform;index bricks-and-clicks Secured;tangible e-markets Bike
4;Representative Car Granite;compressing;Investor;pink
5;Refined;Delaware Diverse Northern Mariana Islands;SAS Sports Licensed;Forward Refined Frozen Cheese Mali
6;Checking Account analyzer Lice;open-source help-desk;Cambridgeshire;Illinois Business-focused
7;RAM Money Market Account;Algeria Austria solutions;invoice;Soft Tactics redundant
8;Martinique turn-key Licensed;payment Bedfordshire JBOD;Cambridgeshire pixel Jewelery;Awesome Granite Bacon
9;vertical online embrace;auxiliary 1080p Track;Mauritius;interface Concrete yellow
10;methodologies;bandwidth CSS Nicaragua;synthesize copying;Tuna withdrawal Nigeria
