id;name;host_id;description;billing;time_zone
1;Intelligent Cotton Gloves frame deposit;infrastructure microchip;payment Ergonomic;true;Kids
2;Ergonomic Handcrafted Cotton Bacon Belarussian Ruble;Global French Polynesia e-business;Summit Quality-focused;false;SSL United States of America violet
3;withdrawal;global;invoice;true;web-readiness Avon Gorgeous Soft Computer
4;navigating overriding cross-platform;generate Money Market Account CFP Franc;Mountains virtual;true;white 1080p
5;Multi-lateral;Croatia Gorgeous Wooden Bacon;Russian Federation Dynamic architect;false;incubate
6;Garden East Caribbean Dollar;Chicken Executive;Street;true;Washington
7;eyeballs Incredible Rustic;Grocery invoice parse;payment Intelligent 1080p;true;Mouse Nebraska
8;Grocery Fantastic Wooden Fish;North Carolina Vision-oriented Multi-channelled;Sri Lanka bypass;false;Innovative Facilitator Representative
9;driver microchip;Villages;Generic Wooden Mouse Swedish Krona Movies;true;GB Legacy Granite
10;Florida functionalities transparent;Small Granite Gloves Metrics cross-platform;enterprise Integration;true;reinvent Guyana Dollar Supervisor
