id;org_id;tenant_id;service_id;log;type;job_uid;ntu_id;request;response_log
1;overriding;system engine;10144;../fake-data/blob/hipster.txt;Analyst transmitting;data-warehouse;34286;../fake-data/blob/hipster.txt;../fake-data/blob/hipster.txt
2;Innovative parsing;Baht;3012;../fake-data/blob/hipster.txt;portals Montserrat haptic;Frozen olive;86483;../fake-data/blob/hipster.txt;../fake-data/blob/hipster.txt
3;Decentralized;New York Data;91026;../fake-data/blob/hipster.txt;Money Market Account;Orchestrator Turkey;60731;../fake-data/blob/hipster.txt;../fake-data/blob/hipster.txt
4;New Jersey Berkshire cross-platform;Division;46519;../fake-data/blob/hipster.txt;Spring capability PCI;Handcrafted Burundi;53114;../fake-data/blob/hipster.txt;../fake-data/blob/hipster.txt
5;Incredible;Future-proofed Tools Team-oriented;14975;../fake-data/blob/hipster.txt;maximize card Benin;Awesome copy Zloty;81219;../fake-data/blob/hipster.txt;../fake-data/blob/hipster.txt
6;Forward Cheese;Home Loan Account Reactive Developer;51816;../fake-data/blob/hipster.txt;Legacy Ergonomic tan;Infrastructure orange;17819;../fake-data/blob/hipster.txt;../fake-data/blob/hipster.txt
7;Berkshire Bolivar Fuerte Principal;Checking Account;74243;../fake-data/blob/hipster.txt;Spring Borders TCP;plum Malawi;98708;../fake-data/blob/hipster.txt;../fake-data/blob/hipster.txt
8;Plastic Passage generating;Functionality ubiquitous Barbados;39768;../fake-data/blob/hipster.txt;supply-chains parsing PCI;invoice;162;../fake-data/blob/hipster.txt;../fake-data/blob/hipster.txt
9;panel;Enterprise-wide;46631;../fake-data/blob/hipster.txt;Consultant SAS alarm;out-of-the-box invoice local area network;96087;../fake-data/blob/hipster.txt;../fake-data/blob/hipster.txt
10;lime;Integration Keyboard bypassing;7375;../fake-data/blob/hipster.txt;Rubber sensor eco-centric;homogeneous rich lavender;25271;../fake-data/blob/hipster.txt;../fake-data/blob/hipster.txt
