id;subnet;name;desciption;mask;subnet_size;first_ip;last_ip;broadcast;cir;ipsec_gateway
1;Views Borders;grey Consultant;Reactive Strategist;Credit Card Account;Bedfordshire;olive override;Maryland Steel;complexity model;Viaduct solid state Supervisor;Incredible Cotton Shoes
2;Towels Consultant;microchip Mouse;Svalbard & Jan Mayen Islands Books;Future Mouse Home;Steel;feed Facilitator utilize;parsing Kids;Oregon Svalbard & Jan Mayen Islands bluetooth;Corporate Borders;Buckinghamshire Arizona Avon
3;eyeballs;Configuration Metal;feed;transform Shirt;Games Rubber withdrawal;XML card Incredible Fresh Shoes;withdrawal;Keyboard Investment Account;value-added Faroe Islands Customer;SMS
4;Assistant Monaco Handmade Cotton Keyboard;RAM reboot definition;RAM eco-centric;applications Idaho;internet solution Fantastic Soft Shirt;Chips Frozen;Luxembourg back-end Paradigm;bluetooth deposit Metrics;ROI;Mouse
5;Avon generate Architect;Street;visualize bypass standardization;Granite Human Investor;Strategist Ball Down-sized;Credit Card Account withdrawal;Home Loan Account;online Tasty Granite Tuna Moldovan Leu;Table generate Dynamic;Avon
6;Personal Loan Account Senior;Borders;Corporate Toys;silver schemas Concrete;digital scalable;Awesome;Brook;relationships Applications copying;Tasty Granite Ball Auto Loan Account;seize Naira
7;Bulgarian Lev payment;Central European Unit of Account 9(E.U.A.-9);Bedfordshire sensor;Legacy Berkshire Buckinghamshire;Customer Shoes;auxiliary;Wooden Gorgeous Frozen Car;Home Loan Account;Ball models;Manager sky blue
8;portal payment;interfaces;Face to face monitor;Greenland applications action-items;Toys core Malagasy Ariary;auxiliary Square;Fresh FTP;challenge;Configuration Arkansas;Intelligent networks Generic Wooden Chicken
9;Cheese New Jersey;Granite District Ergonomic;Investment Account feed;Supervisor optimal withdrawal;neural array orchid;Fresh orchestration;Naira Kyat;Direct;Iowa solution-oriented;national
10;actuating value-added 24 hour;Hat;payment Accounts enhance;Plastic Checking Account;Investment Account;Handmade Granite Fish Berkshire Implementation;Dominican Peso;SDD Tunnel clicks-and-mortar;Liaison mindshare Books;Rustic Frozen Towels
