id;name;description;tenant_id;disable_access;ilm_days;slm_days
1;Representative;payment Avon;harness technologies;true;58700;2021-03-22T12:22:07
2;initiatives;USB Uzbekistan Sum;matrix;true;11143;2021-03-21T23:31:45
3;Integrated overriding;backing up Avon;Concrete invoice;false;25593;2021-03-22T04:38:08
4;Grocery Steel content-based;high-level quantifying;program Dynamic;true;56323;2021-03-22T12:19:47
5;Developer eco-centric;platforms;Home Loan Account red bypassing;false;94454;2021-03-22T11:00:47
6;pixel focus group Shirt;1080p;Monitored copying Lakes;true;29908;2021-03-22T12:01:33
7;indexing deposit driver;Hills Delaware;generating;false;93347;2021-03-22T02:32:00
8;Integrated;enhance;Sports;false;67474;2021-03-22T14:02:18
9;Vista clicks-and-mortar;wireless TCP HTTP;Underpass Senior Kazakhstan;true;42646;2021-03-22T16:50:02
10;generating;innovate Group User-centric;Jewelery;true;56170;2021-03-21T22:09:58
